ID,Theme,Question_English,Question_RomanUrdu,Short_Answer_English,Detailed_Answer_English,Risk_Level,Source,Helpline
KB0001,Menstruation & Hygiene,What is menstruation?,What is menstruation ?,Menstruation is a natural monthly process when the uterus sheds its lining. It usually starts during puberty and lasts 3–7 days.,Menstruation is a natural monthly process when the uterus sheds its lining. It usually starts during puberty and lasts 3–7 days. For more details consult a health professional or the provided helplines.,Info,WHO; UNICEF; Local studies; SnehAI; Sehat Kahani,Madadgaar Helpline: 1098 (Madadgaar); Cybercrime / FIA: 1099 (FIA cybercrime); Sehat Kahani: https://sehatkahani.com/; WHO STI Fact Sheet: https://www.who.int/news-room/fact-sheets/detail/sexually-transmitted-infections-(stis); UNICEF MHM: https://www.unicef.org/innovation/U-Report/menstrual-hygiene-polls-pakistan; Marie Stopes Pakistan: https://mariestopespk.org/
KB0002,Menstruation & Hygiene,Why do I get period cramps?,Why kya mujhe get period cramps ?,"Cramps are caused by the uterus contracting to expel its lining. Warm packs, rest, and paracetamol help reduce pain.","Cramps are caused by the uterus contracting to expel its lining. Warm packs, rest, and paracetamol help reduce pain. For more details consult a health professional or the provided helplines.",Caution,WHO; UNICEF; Local studies; SnehAI; Sehat Kahani,Madadgaar Helpline: 1098 (Madadgaar); Cybercrime / FIA: 1099 (FIA cybercrime); Sehat Kahani: https://sehatkahani.com/; WHO STI Fact Sheet: https://www.who.int/news-room/fact-sheets/detail/sexually-transmitted-infections-(stis); UNICEF MHM: https://www.unicef.org/innovation/U-Report/menstrual-hygiene-polls-pakistan; Marie Stopes Pakistan: https://mariestopespk.org/
KB0003,Menstruation & Hygiene,How often should I change my pad?,How often kya mujhe change my pad ?,"Change sanitary pads every 4–6 hours. Using clean, dry cloths and drying them in sunlight reduces infection risk.","Change sanitary pads every 4–6 hours. Using clean, dry cloths and drying them in sunlight reduces infection risk. For more details consult a health professional or the provided helplines.",Info,WHO; UNICEF; Local studies; SnehAI; Sehat Kahani,Madadgaar Helpline: 1098 (Madadgaar); Cybercrime / FIA: 1099 (FIA cybercrime); Sehat Kahani: https://sehatkahani.com/; WHO STI Fact Sheet: https://www.who.int/news-room/fact-sheets/detail/sexually-transmitted-infections-(stis); UNICEF MHM: https://www.unicef.org/innovation/U-Report/menstrual-hygiene-polls-pakistan; Marie Stopes Pakistan: https://mariestopespk.org/
KB0004,Menstruation & Hygiene,Can I bathe during my period?,Can I bathe during my period ?,"Yes, bathing keeps you clean and can relieve discomfort. Mild soap and water are sufficient.","Yes, bathing keeps you clean and can relieve discomfort. Mild soap and water are sufficient. For more details consult a health professional or the provided helplines.",Caution,WHO; UNICEF; Local studies; SnehAI; Sehat Kahani,Madadgaar Helpline: 1098 (Madadgaar); Cybercrime / FIA: 1099 (FIA cybercrime); Sehat Kahani: https://sehatkahani.com/; WHO STI Fact Sheet: https://www.who.int/news-room/fact-sheets/detail/sexually-transmitted-infections-(stis); UNICEF MHM: https://www.unicef.org/innovation/U-Report/menstrual-hygiene-polls-pakistan; Marie Stopes Pakistan: https://mariestopespk.org/
KB0005,Menstruation & Hygiene,Is period blood dirty?,Is period blood dirty ?,No. Menstrual blood is normal body fluid and not 'dirty'. Good hygiene prevents infections.,No. Menstrual blood is normal body fluid and not 'dirty'. Good hygiene prevents infections. For more details consult a health professional or the provided helplines.,Caution,WHO; UNICEF; Local studies; SnehAI; Sehat Kahani,Madadgaar Helpline: 1098 (Madadgaar); Cybercrime / FIA: 1099 (FIA cybercrime); Sehat Kahani: https://sehatkahani.com/; WHO STI Fact Sheet: https://www.who.int/news-room/fact-sheets/detail/sexually-transmitted-infections-(stis); UNICEF MHM: https://www.unicef.org/innovation/U-Report/menstrual-hygiene-polls-pakistan; Marie Stopes Pakistan: https://mariestopespk.org/
KB0006,Menstruation & Hygiene,What to do if bleeding is very heavy?,What to do if bleeding is very heavy ?,Seek medical attention if you soak a pad every 1-2 hours or pass large clots; heavy bleeding may need treatment.,Seek medical attention if you soak a pad every 1-2 hours or pass large clots; heavy bleeding may need treatment. For more details consult a health professional or the provided helplines.,Info,WHO; UNICEF; Local studies; SnehAI; Sehat Kahani,Madadgaar Helpline: 1098 (Madadgaar); Cybercrime / FIA: 1099 (FIA cybercrime); Sehat Kahani: https://sehatkahani.com/; WHO STI Fact Sheet: https://www.who.int/news-room/fact-sheets/detail/sexually-transmitted-infections-(stis); UNICEF MHM: https://www.unicef.org/innovation/U-Report/menstrual-hygiene-polls-pakistan; Marie Stopes Pakistan: https://mariestopespk.org/
KB0007,Menstruation & Hygiene,Can I play sports during periods?,Can I play sports during periods ?,"Yes, light to moderate exercise is fine and can reduce cramps. Rest if you feel very weak.","Yes, light to moderate exercise is fine and can reduce cramps. Rest if you feel very weak. For more details consult a health professional or the provided helplines.",Caution,WHO; UNICEF; Local studies; SnehAI; Sehat Kahani,Madadgaar Helpline: 1098 (Madadgaar); Cybercrime / FIA: 1099 (FIA cybercrime); Sehat Kahani: https://sehatkahani.com/; WHO STI Fact Sheet: https://www.who.int/news-room/fact-sheets/detail/sexually-transmitted-infections-(stis); UNICEF MHM: https://www.unicef.org/innovation/U-Report/menstrual-hygiene-polls-pakistan; Marie Stopes Pakistan: https://mariestopespk.org/
KB0008,Menstruation & Hygiene,What to use if I don't have pads?,What to use if I don't have pads ?,"Use clean, well-washed cloths and dry them completely in sunlight. Avoid damp or dirty materials.","Use clean, well-washed cloths and dry them completely in sunlight. Avoid damp or dirty materials. For more details consult a health professional or the provided helplines.",Info,WHO; UNICEF; Local studies; SnehAI; Sehat Kahani,Madadgaar Helpline: 1098 (Madadgaar); Cybercrime / FIA: 1099 (FIA cybercrime); Sehat Kahani: https://sehatkahani.com/; WHO STI Fact Sheet: https://www.who.int/news-room/fact-sheets/detail/sexually-transmitted-infections-(stis); UNICEF MHM: https://www.unicef.org/innovation/U-Report/menstrual-hygiene-polls-pakistan; Marie Stopes Pakistan: https://mariestopespk.org/
KB0009,Menstruation & Hygiene,How long do irregular periods last?,How long do irregular periods last ?,Irregular cycles can be normal for the first 2–3 years after they start; consult a doctor if absent for 3 months.,Irregular cycles can be normal for the first 2–3 years after they start; consult a doctor if absent for 3 months. For more details consult a health professional or the provided helplines.,Info,WHO; UNICEF; Local studies; SnehAI; Sehat Kahani,Madadgaar Helpline: 1098 (Madadgaar); Cybercrime / FIA: 1099 (FIA cybercrime); Sehat Kahani: https://sehatkahani.com/; WHO STI Fact Sheet: https://www.who.int/news-room/fact-sheets/detail/sexually-transmitted-infections-(stis); UNICEF MHM: https://www.unicef.org/innovation/U-Report/menstrual-hygiene-polls-pakistan; Marie Stopes Pakistan: https://mariestopespk.org/
KB0010,Menstruation & Hygiene,Can I swim during my period?,Can I swim during my period ?,"Yes, use tampons or menstrual cups for swimming; pads are not suitable for swimming.","Yes, use tampons or menstrual cups for swimming; pads are not suitable for swimming. For more details consult a health professional or the provided helplines.",Caution,WHO; UNICEF; Local studies; SnehAI; Sehat Kahani,Madadgaar Helpline: 1098 (Madadgaar); Cybercrime / FIA: 1099 (FIA cybercrime); Sehat Kahani: https://sehatkahani.com/; WHO STI Fact Sheet: https://www.who.int/news-room/fact-sheets/detail/sexually-transmitted-infections-(stis); UNICEF MHM: https://www.unicef.org/innovation/U-Report/menstrual-hygiene-polls-pakistan; Marie Stopes Pakistan: https://mariestopespk.org/
KB0011,Menstruation & Hygiene,Does diet affect my period?,Does diet affect my period ?,A balanced diet with iron-rich foods helps prevent anemia; hydration and nutrition can improve symptoms.,A balanced diet with iron-rich foods helps prevent anemia; hydration and nutrition can improve symptoms. For more details consult a health professional or the provided helplines.,Caution,WHO; UNICEF; Local studies; SnehAI; Sehat Kahani,Madadgaar Helpline: 1098 (Madadgaar); Cybercrime / FIA: 1099 (FIA cybercrime); Sehat Kahani: https://sehatkahani.com/; WHO STI Fact Sheet: https://www.who.int/news-room/fact-sheets/detail/sexually-transmitted-infections-(stis); UNICEF MHM: https://www.unicef.org/innovation/U-Report/menstrual-hygiene-polls-pakistan; Marie Stopes Pakistan: https://mariestopespk.org/
KB0012,Menstruation & Hygiene,When should I see a doctor about periods?,When kya mujhe see a doctor about periods ?,"See a doctor for severe pain, very heavy bleeding, missed periods, or any worrying changes.","See a doctor for severe pain, very heavy bleeding, missed periods, or any worrying changes. For more details consult a health professional or the provided helplines.",Caution,WHO; UNICEF; Local studies; SnehAI; Sehat Kahani,Madadgaar Helpline: 1098 (Madadgaar); Cybercrime / FIA: 1099 (FIA cybercrime); Sehat Kahani: https://sehatkahani.com/; WHO STI Fact Sheet: https://www.who.int/news-room/fact-sheets/detail/sexually-transmitted-infections-(stis); UNICEF MHM: https://www.unicef.org/innovation/U-Report/menstrual-hygiene-polls-pakistan; Marie Stopes Pakistan: https://mariestopespk.org/
KB0013,Puberty & Body Changes,What is puberty?,What is puberty ?,"Puberty is when your body changes from a child to an adult. It includes growth, voice changes, and menstruation for girls.","Puberty is when your body changes from a child to an adult. It includes growth, voice changes, and menstruation for girls. For more details consult a health professional or the provided helplines.",Info,WHO; UNICEF; Local studies; SnehAI; Sehat Kahani,Madadgaar Helpline: 1098 (Madadgaar); Cybercrime / FIA: 1099 (FIA cybercrime); Sehat Kahani: https://sehatkahani.com/; WHO STI Fact Sheet: https://www.who.int/news-room/fact-sheets/detail/sexually-transmitted-infections-(stis); UNICEF MHM: https://www.unicef.org/innovation/U-Report/menstrual-hygiene-polls-pakistan; Marie Stopes Pakistan: https://mariestopespk.org/
KB0014,Puberty & Body Changes,Why is my voice changing?,Why is my voice changing ?,"Hormonal changes during puberty cause the voice to deepen, especially in boys.","Hormonal changes during puberty cause the voice to deepen, especially in boys. For more details consult a health professional or the provided helplines.",Caution,WHO; UNICEF; Local studies; SnehAI; Sehat Kahani,Madadgaar Helpline: 1098 (Madadgaar); Cybercrime / FIA: 1099 (FIA cybercrime); Sehat Kahani: https://sehatkahani.com/; WHO STI Fact Sheet: https://www.who.int/news-room/fact-sheets/detail/sexually-transmitted-infections-(stis); UNICEF MHM: https://www.unicef.org/innovation/U-Report/menstrual-hygiene-polls-pakistan; Marie Stopes Pakistan: https://mariestopespk.org/
KB0015,Puberty & Body Changes,Why am I getting body hair?,Why am I getting body hair ?,"Hormones during puberty cause hair growth in underarms, pubic area, and sometimes on the face and chest.","Hormones during puberty cause hair growth in underarms, pubic area, and sometimes on the face and chest. For more details consult a health professional or the provided helplines.",Caution,WHO; UNICEF; Local studies; SnehAI; Sehat Kahani,Madadgaar Helpline: 1098 (Madadgaar); Cybercrime / FIA: 1099 (FIA cybercrime); Sehat Kahani: https://sehatkahani.com/; WHO STI Fact Sheet: https://www.who.int/news-room/fact-sheets/detail/sexually-transmitted-infections-(stis); UNICEF MHM: https://www.unicef.org/innovation/U-Report/menstrual-hygiene-polls-pakistan; Marie Stopes Pakistan: https://mariestopespk.org/
KB0016,Puberty & Body Changes,Is it normal to feel awkward about body changes?,Is it normal to feel awkward about body changes ?,"Yes, many adolescents feel self-conscious; talking to trusted people helps.","Yes, many adolescents feel self-conscious; talking to trusted people helps. For more details consult a health professional or the provided helplines.",Caution,WHO; UNICEF; Local studies; SnehAI; Sehat Kahani,Madadgaar Helpline: 1098 (Madadgaar); Cybercrime / FIA: 1099 (FIA cybercrime); Sehat Kahani: https://sehatkahani.com/; WHO STI Fact Sheet: https://www.who.int/news-room/fact-sheets/detail/sexually-transmitted-infections-(stis); UNICEF MHM: https://www.unicef.org/innovation/U-Report/menstrual-hygiene-polls-pakistan; Marie Stopes Pakistan: https://mariestopespk.org/
KB0017,Puberty & Body Changes,What are growth spurts?,What are growth spurts ?,Rapid increases in height and weight during puberty; nutrition supports healthy growth.,Rapid increases in height and weight during puberty; nutrition supports healthy growth. For more details consult a health professional or the provided helplines.,Info,WHO; UNICEF; Local studies; SnehAI; Sehat Kahani,Madadgaar Helpline: 1098 (Madadgaar); Cybercrime / FIA: 1099 (FIA cybercrime); Sehat Kahani: https://sehatkahani.com/; WHO STI Fact Sheet: https://www.who.int/news-room/fact-sheets/detail/sexually-transmitted-infections-(stis); UNICEF MHM: https://www.unicef.org/innovation/U-Report/menstrual-hygiene-polls-pakistan; Marie Stopes Pakistan: https://mariestopespk.org/
KB0018,Puberty & Body Changes,Why do skin and acne appear?,Why do skin and acne appear ?,"Hormonal changes increase oil in the skin, which can cause acne. Good hygiene and, if needed, medical care can help.","Hormonal changes increase oil in the skin, which can cause acne. Good hygiene and, if needed, medical care can help. For more details consult a health professional or the provided helplines.",Caution,WHO; UNICEF; Local studies; SnehAI; Sehat Kahani,Madadgaar Helpline: 1098 (Madadgaar); Cybercrime / FIA: 1099 (FIA cybercrime); Sehat Kahani: https://sehatkahani.com/; WHO STI Fact Sheet: https://www.who.int/news-room/fact-sheets/detail/sexually-transmitted-infections-(stis); UNICEF MHM: https://www.unicef.org/innovation/U-Report/menstrual-hygiene-polls-pakistan; Marie Stopes Pakistan: https://mariestopespk.org/
KB0019,Puberty & Body Changes,When will I stop growing?,When will I stop growing ?,Growth usually slows after puberty and most people finish growing in late teens.,Growth usually slows after puberty and most people finish growing in late teens. For more details consult a health professional or the provided helplines.,Caution,WHO; UNICEF; Local studies; SnehAI; Sehat Kahani,Madadgaar Helpline: 1098 (Madadgaar); Cybercrime / FIA: 1099 (FIA cybercrime); Sehat Kahani: https://sehatkahani.com/; WHO STI Fact Sheet: https://www.who.int/news-room/fact-sheets/detail/sexually-transmitted-infections-(stis); UNICEF MHM: https://www.unicef.org/innovation/U-Report/menstrual-hygiene-polls-pakistan; Marie Stopes Pakistan: https://mariestopespk.org/
KB0020,Puberty & Body Changes,Are mood swings normal?,Are mood swings normal ?,"Yes, hormonal shifts can cause mood changes; rest, support, and talk help.","Yes, hormonal shifts can cause mood changes; rest, support, and talk help. For more details consult a health professional or the provided helplines.",Caution,WHO; UNICEF; Local studies; SnehAI; Sehat Kahani,Madadgaar Helpline: 1098 (Madadgaar); Cybercrime / FIA: 1099 (FIA cybercrime); Sehat Kahani: https://sehatkahani.com/; WHO STI Fact Sheet: https://www.who.int/news-room/fact-sheets/detail/sexually-transmitted-infections-(stis); UNICEF MHM: https://www.unicef.org/innovation/U-Report/menstrual-hygiene-polls-pakistan; Marie Stopes Pakistan: https://mariestopespk.org/
KB0021,Puberty & Body Changes,How to manage body odor?,How to manage body odor ?,Daily bathing and deodorant help manage body odor during puberty.,Daily bathing and deodorant help manage body odor during puberty. For more details consult a health professional or the provided helplines.,Info,WHO; UNICEF; Local studies; SnehAI; Sehat Kahani,Madadgaar Helpline: 1098 (Madadgaar); Cybercrime / FIA: 1099 (FIA cybercrime); Sehat Kahani: https://sehatkahani.com/; WHO STI Fact Sheet: https://www.who.int/news-room/fact-sheets/detail/sexually-transmitted-infections-(stis); UNICEF MHM: https://www.unicef.org/innovation/U-Report/menstrual-hygiene-polls-pakistan; Marie Stopes Pakistan: https://mariestopespk.org/
KB0022,Puberty & Body Changes,How to talk to parents about puberty?,How to talk to parents about puberty ?,"Choose a calm moment, express your need to learn, and ask for support or private time to discuss.","Choose a calm moment, express your need to learn, and ask for support or private time to discuss. For more details consult a health professional or the provided helplines.",Info,WHO; UNICEF; Local studies; SnehAI; Sehat Kahani,Madadgaar Helpline: 1098 (Madadgaar); Cybercrime / FIA: 1099 (FIA cybercrime); Sehat Kahani: https://sehatkahani.com/; WHO STI Fact Sheet: https://www.who.int/news-room/fact-sheets/detail/sexually-transmitted-infections-(stis); UNICEF MHM: https://www.unicef.org/innovation/U-Report/menstrual-hygiene-polls-pakistan; Marie Stopes Pakistan: https://mariestopespk.org/
KB0023,Myths & Misconceptions,Does standing in the sun stop periods?,Does standing in the sun stop periods ?,No. Sunlight helps dry cloths but cannot stop periods. Periods are hormonal and natural.,No. Sunlight helps dry cloths but cannot stop periods. Periods are hormonal and natural. For more details consult a health professional or the provided helplines.,Caution,WHO; UNICEF; Local studies; SnehAI; Sehat Kahani,Madadgaar Helpline: 1098 (Madadgaar); Cybercrime / FIA: 1099 (FIA cybercrime); Sehat Kahani: https://sehatkahani.com/; WHO STI Fact Sheet: https://www.who.int/news-room/fact-sheets/detail/sexually-transmitted-infections-(stis); UNICEF MHM: https://www.unicef.org/innovation/U-Report/menstrual-hygiene-polls-pakistan; Marie Stopes Pakistan: https://mariestopespk.org/
KB0024,Myths & Misconceptions,Can I get STIs from toilet seats?,Can I get STIs from toilet seats ?,No. STIs are not transmitted via toilet seats; they spread through sexual contact and body fluids.,No. STIs are not transmitted via toilet seats; they spread through sexual contact and body fluids. For more details consult a health professional or the provided helplines.,Caution,WHO; UNICEF; Local studies; SnehAI; Sehat Kahani,Madadgaar Helpline: 1098 (Madadgaar); Cybercrime / FIA: 1099 (FIA cybercrime); Sehat Kahani: https://sehatkahani.com/; WHO STI Fact Sheet: https://www.who.int/news-room/fact-sheets/detail/sexually-transmitted-infections-(stis); UNICEF MHM: https://www.unicef.org/innovation/U-Report/menstrual-hygiene-polls-pakistan; Marie Stopes Pakistan: https://mariestopespk.org/
KB0025,Myths & Misconceptions,Does masturbation cause weakness?,Does masturbation cause weakness ?,No. Masturbation is a normal behavior and does not cause physical weakness.,No. Masturbation is a normal behavior and does not cause physical weakness. For more details consult a health professional or the provided helplines.,Caution,WHO; UNICEF; Local studies; SnehAI; Sehat Kahani,Madadgaar Helpline: 1098 (Madadgaar); Cybercrime / FIA: 1099 (FIA cybercrime); Sehat Kahani: https://sehatkahani.com/; WHO STI Fact Sheet: https://www.who.int/news-room/fact-sheets/detail/sexually-transmitted-infections-(stis); UNICEF MHM: https://www.unicef.org/innovation/U-Report/menstrual-hygiene-polls-pakistan; Marie Stopes Pakistan: https://mariestopespk.org/
KB0026,Myths & Misconceptions,Will wearing tight clothes cause infertility?,Will wearing tight clothes cause infertility ?,No. Tight clothes do not cause infertility; reproductive health depends on medical factors.,No. Tight clothes do not cause infertility; reproductive health depends on medical factors. For more details consult a health professional or the provided helplines.,Caution,WHO; UNICEF; Local studies; SnehAI; Sehat Kahani,Madadgaar Helpline: 1098 (Madadgaar); Cybercrime / FIA: 1099 (FIA cybercrime); Sehat Kahani: https://sehatkahani.com/; WHO STI Fact Sheet: https://www.who.int/news-room/fact-sheets/detail/sexually-transmitted-infections-(stis); UNICEF MHM: https://www.unicef.org/innovation/U-Report/menstrual-hygiene-polls-pakistan; Marie Stopes Pakistan: https://mariestopespk.org/
KB0027,Myths & Misconceptions,Do certain foods stop period flow?,Do certain foods stop period flow ?,No. No food can reliably stop or start a period; balanced nutrition helps overall health.,No. No food can reliably stop or start a period; balanced nutrition helps overall health. For more details consult a health professional or the provided helplines.,Caution,WHO; UNICEF; Local studies; SnehAI; Sehat Kahani,Madadgaar Helpline: 1098 (Madadgaar); Cybercrime / FIA: 1099 (FIA cybercrime); Sehat Kahani: https://sehatkahani.com/; WHO STI Fact Sheet: https://www.who.int/news-room/fact-sheets/detail/sexually-transmitted-infections-(stis); UNICEF MHM: https://www.unicef.org/innovation/U-Report/menstrual-hygiene-polls-pakistan; Marie Stopes Pakistan: https://mariestopespk.org/
KB0028,Myths & Misconceptions,Do sanitary pads cause cancer?,Do sanitary pads cause cancer ?,No. Sanitary pads do not cause cancer. Use safe products and change regularly.,No. Sanitary pads do not cause cancer. Use safe products and change regularly. For more details consult a health professional or the provided helplines.,Caution,WHO; UNICEF; Local studies; SnehAI; Sehat Kahani,Madadgaar Helpline: 1098 (Madadgaar); Cybercrime / FIA: 1099 (FIA cybercrime); Sehat Kahani: https://sehatkahani.com/; WHO STI Fact Sheet: https://www.who.int/news-room/fact-sheets/detail/sexually-transmitted-infections-(stis); UNICEF MHM: https://www.unicef.org/innovation/U-Report/menstrual-hygiene-polls-pakistan; Marie Stopes Pakistan: https://mariestopespk.org/
KB0029,Myths & Misconceptions,Are periods a punishment?,Are periods a punishment ?,No. Periods are a biological process and not a punishment.,No. Periods are a biological process and not a punishment. For more details consult a health professional or the provided helplines.,Caution,WHO; UNICEF; Local studies; SnehAI; Sehat Kahani,Madadgaar Helpline: 1098 (Madadgaar); Cybercrime / FIA: 1099 (FIA cybercrime); Sehat Kahani: https://sehatkahani.com/; WHO STI Fact Sheet: https://www.who.int/news-room/fact-sheets/detail/sexually-transmitted-infections-(stis); UNICEF MHM: https://www.unicef.org/innovation/U-Report/menstrual-hygiene-polls-pakistan; Marie Stopes Pakistan: https://mariestopespk.org/
KB0030,Myths & Misconceptions,Can evil eye affect periods?,Can evil eye affect periods ?,"Cultural beliefs vary, but there is no scientific evidence that the 'evil eye' changes menstruation.","Cultural beliefs vary, but there is no scientific evidence that the 'evil eye' changes menstruation. For more details consult a health professional or the provided helplines.",Caution,WHO; UNICEF; Local studies; SnehAI; Sehat Kahani,Madadgaar Helpline: 1098 (Madadgaar); Cybercrime / FIA: 1099 (FIA cybercrime); Sehat Kahani: https://sehatkahani.com/; WHO STI Fact Sheet: https://www.who.int/news-room/fact-sheets/detail/sexually-transmitted-infections-(stis); UNICEF MHM: https://www.unicef.org/innovation/U-Report/menstrual-hygiene-polls-pakistan; Marie Stopes Pakistan: https://mariestopespk.org/
KB0031,Myths & Misconceptions,Is it okay to ignore period pain?,Is it okay to ignore period pain ?,No. Severe or persistent pain should be assessed by a healthcare provider.,No. Severe or persistent pain should be assessed by a healthcare provider. For more details consult a health professional or the provided helplines.,Caution,WHO; UNICEF; Local studies; SnehAI; Sehat Kahani,Madadgaar Helpline: 1098 (Madadgaar); Cybercrime / FIA: 1099 (FIA cybercrime); Sehat Kahani: https://sehatkahani.com/; WHO STI Fact Sheet: https://www.who.int/news-room/fact-sheets/detail/sexually-transmitted-infections-(stis); UNICEF MHM: https://www.unicef.org/innovation/U-Report/menstrual-hygiene-polls-pakistan; Marie Stopes Pakistan: https://mariestopespk.org/
KB0032,Myths & Misconceptions,Does breastfeeding prevent all pregnancies?,Does breastfeeding prevent all pregnancies ?,Breastfeeding may reduce fertility temporarily but is not a guaranteed contraception method.,Breastfeeding may reduce fertility temporarily but is not a guaranteed contraception method. For more details consult a health professional or the provided helplines.,Caution,WHO; UNICEF; Local studies; SnehAI; Sehat Kahani,Madadgaar Helpline: 1098 (Madadgaar); Cybercrime / FIA: 1099 (FIA cybercrime); Sehat Kahani: https://sehatkahani.com/; WHO STI Fact Sheet: https://www.who.int/news-room/fact-sheets/detail/sexually-transmitted-infections-(stis); UNICEF MHM: https://www.unicef.org/innovation/U-Report/menstrual-hygiene-polls-pakistan; Marie Stopes Pakistan: https://mariestopespk.org/
KB0033,Nutrition & Physical Health,What foods help during periods?,What foods help during periods ?,"Iron-rich foods like lentils, spinach, eggs, and meat help prevent anemia; fruits and fluids help energy levels.","Iron-rich foods like lentils, spinach, eggs, and meat help prevent anemia; fruits and fluids help energy levels. For more details consult a health professional or the provided helplines.",Info,WHO; UNICEF; Local studies; SnehAI; Sehat Kahani,Madadgaar Helpline: 1098 (Madadgaar); Cybercrime / FIA: 1099 (FIA cybercrime); Sehat Kahani: https://sehatkahani.com/; WHO STI Fact Sheet: https://www.who.int/news-room/fact-sheets/detail/sexually-transmitted-infections-(stis); UNICEF MHM: https://www.unicef.org/innovation/U-Report/menstrual-hygiene-polls-pakistan; Marie Stopes Pakistan: https://mariestopespk.org/
KB0034,Nutrition & Physical Health,How much water should I drink daily?,How much water kya mujhe drink daily ?,"Aim for about 6-8 glasses a day, more with activity or hot weather.","Aim for about 6-8 glasses a day, more with activity or hot weather. For more details consult a health professional or the provided helplines.",Info,WHO; UNICEF; Local studies; SnehAI; Sehat Kahani,Madadgaar Helpline: 1098 (Madadgaar); Cybercrime / FIA: 1099 (FIA cybercrime); Sehat Kahani: https://sehatkahani.com/; WHO STI Fact Sheet: https://www.who.int/news-room/fact-sheets/detail/sexually-transmitted-infections-(stis); UNICEF MHM: https://www.unicef.org/innovation/U-Report/menstrual-hygiene-polls-pakistan; Marie Stopes Pakistan: https://mariestopespk.org/
KB0035,Nutrition & Physical Health,Can being underweight affect periods?,Can being underweight affect periods ?,Yes. Low body weight can cause irregular or missed periods; balanced nutrition is important.,Yes. Low body weight can cause irregular or missed periods; balanced nutrition is important. For more details consult a health professional or the provided helplines.,Caution,WHO; UNICEF; Local studies; SnehAI; Sehat Kahani,Madadgaar Helpline: 1098 (Madadgaar); Cybercrime / FIA: 1099 (FIA cybercrime); Sehat Kahani: https://sehatkahani.com/; WHO STI Fact Sheet: https://www.who.int/news-room/fact-sheets/detail/sexually-transmitted-infections-(stis); UNICEF MHM: https://www.unicef.org/innovation/U-Report/menstrual-hygiene-polls-pakistan; Marie Stopes Pakistan: https://mariestopespk.org/
KB0036,Nutrition & Physical Health,Does exercise help mood and periods?,Does exercise help mood and periods ?,"Regular exercise improves mood and can reduce cramps, but avoid over-exercising.","Regular exercise improves mood and can reduce cramps, but avoid over-exercising. For more details consult a health professional or the provided helplines.",Caution,WHO; UNICEF; Local studies; SnehAI; Sehat Kahani,Madadgaar Helpline: 1098 (Madadgaar); Cybercrime / FIA: 1099 (FIA cybercrime); Sehat Kahani: https://sehatkahani.com/; WHO STI Fact Sheet: https://www.who.int/news-room/fact-sheets/detail/sexually-transmitted-infections-(stis); UNICEF MHM: https://www.unicef.org/innovation/U-Report/menstrual-hygiene-polls-pakistan; Marie Stopes Pakistan: https://mariestopespk.org/
KB0037,Nutrition & Physical Health,What vitamins help during puberty?,What vitamins help during puberty ?,"Vitamins like iron, vitamin D, and calcium support healthy development; consult a doctor for supplementation.","Vitamins like iron, vitamin D, and calcium support healthy development; consult a doctor for supplementation. For more details consult a health professional or the provided helplines.",Info,WHO; UNICEF; Local studies; SnehAI; Sehat Kahani,Madadgaar Helpline: 1098 (Madadgaar); Cybercrime / FIA: 1099 (FIA cybercrime); Sehat Kahani: https://sehatkahani.com/; WHO STI Fact Sheet: https://www.who.int/news-room/fact-sheets/detail/sexually-transmitted-infections-(stis); UNICEF MHM: https://www.unicef.org/innovation/U-Report/menstrual-hygiene-polls-pakistan; Marie Stopes Pakistan: https://mariestopespk.org/
KB0038,Nutrition & Physical Health,Is junk food harmful during adolescence?,Is junk food harmful during adolescence ?,Frequent junk food can affect energy and health; a balanced diet is better for growth.,Frequent junk food can affect energy and health; a balanced diet is better for growth. For more details consult a health professional or the provided helplines.,Caution,WHO; UNICEF; Local studies; SnehAI; Sehat Kahani,Madadgaar Helpline: 1098 (Madadgaar); Cybercrime / FIA: 1099 (FIA cybercrime); Sehat Kahani: https://sehatkahani.com/; WHO STI Fact Sheet: https://www.who.int/news-room/fact-sheets/detail/sexually-transmitted-infections-(stis); UNICEF MHM: https://www.unicef.org/innovation/U-Report/menstrual-hygiene-polls-pakistan; Marie Stopes Pakistan: https://mariestopespk.org/
KB0039,Nutrition & Physical Health,How to prevent anemia?,How to prevent anemia ?,"Eat iron-rich foods, vitamin C to help absorption, and get medical tests if symptoms appear.","Eat iron-rich foods, vitamin C to help absorption, and get medical tests if symptoms appear. For more details consult a health professional or the provided helplines.",Info,WHO; UNICEF; Local studies; SnehAI; Sehat Kahani,Madadgaar Helpline: 1098 (Madadgaar); Cybercrime / FIA: 1099 (FIA cybercrime); Sehat Kahani: https://sehatkahani.com/; WHO STI Fact Sheet: https://www.who.int/news-room/fact-sheets/detail/sexually-transmitted-infections-(stis); UNICEF MHM: https://www.unicef.org/innovation/U-Report/menstrual-hygiene-polls-pakistan; Marie Stopes Pakistan: https://mariestopespk.org/
KB0040,Nutrition & Physical Health,Can alcohol affect periods?,Can alcohol affect periods ?,Alcohol can affect hormones and general health; adolescents should avoid alcohol.,Alcohol can affect hormones and general health; adolescents should avoid alcohol. For more details consult a health professional or the provided helplines.,Caution,WHO; UNICEF; Local studies; SnehAI; Sehat Kahani,Madadgaar Helpline: 1098 (Madadgaar); Cybercrime / FIA: 1099 (FIA cybercrime); Sehat Kahani: https://sehatkahani.com/; WHO STI Fact Sheet: https://www.who.int/news-room/fact-sheets/detail/sexually-transmitted-infections-(stis); UNICEF MHM: https://www.unicef.org/innovation/U-Report/menstrual-hygiene-polls-pakistan; Marie Stopes Pakistan: https://mariestopespk.org/
KB0041,Nutrition & Physical Health,How to maintain hygiene with limited resources?,How to maintain hygiene with limited resources ?,"Use clean water, wash reusable materials thoroughly, and dry them in sun when possible.","Use clean water, wash reusable materials thoroughly, and dry them in sun when possible. For more details consult a health professional or the provided helplines.",Info,WHO; UNICEF; Local studies; SnehAI; Sehat Kahani,Madadgaar Helpline: 1098 (Madadgaar); Cybercrime / FIA: 1099 (FIA cybercrime); Sehat Kahani: https://sehatkahani.com/; WHO STI Fact Sheet: https://www.who.int/news-room/fact-sheets/detail/sexually-transmitted-infections-(stis); UNICEF MHM: https://www.unicef.org/innovation/U-Report/menstrual-hygiene-polls-pakistan; Marie Stopes Pakistan: https://mariestopespk.org/
KB0042,Nutrition & Physical Health,How to manage heavy bleeding at home?,How to manage heavy bleeding at home ?,"Rest, use pads, stay hydrated, and seek medical care if bleeding is very heavy or prolonged.","Rest, use pads, stay hydrated, and seek medical care if bleeding is very heavy or prolonged. For more details consult a health professional or the provided helplines.",Info,WHO; UNICEF; Local studies; SnehAI; Sehat Kahani,Madadgaar Helpline: 1098 (Madadgaar); Cybercrime / FIA: 1099 (FIA cybercrime); Sehat Kahani: https://sehatkahani.com/; WHO STI Fact Sheet: https://www.who.int/news-room/fact-sheets/detail/sexually-transmitted-infections-(stis); UNICEF MHM: https://www.unicef.org/innovation/U-Report/menstrual-hygiene-polls-pakistan; Marie Stopes Pakistan: https://mariestopespk.org/
KB0043,Reproductive Health & Pregnancy Basics,Can adolescents get pregnant?,Can adolescents get pregnant ?,"Yes, if they have unprotected sex. Pregnancy can happen even on the first sexual contact.","Yes, if they have unprotected sex. Pregnancy can happen even on the first sexual contact. For more details consult a health professional or the provided helplines.",Caution,WHO; UNICEF; Local studies; SnehAI; Sehat Kahani,Madadgaar Helpline: 1098 (Madadgaar); Cybercrime / FIA: 1099 (FIA cybercrime); Sehat Kahani: https://sehatkahani.com/; WHO STI Fact Sheet: https://www.who.int/news-room/fact-sheets/detail/sexually-transmitted-infections-(stis); UNICEF MHM: https://www.unicef.org/innovation/U-Report/menstrual-hygiene-polls-pakistan; Marie Stopes Pakistan: https://mariestopespk.org/
KB0044,Reproductive Health & Pregnancy Basics,What is contraception?,What is contraception ?,"Contraception includes methods to prevent pregnancy: condoms, pills, IUDs, etc.; some require a doctor.","Contraception includes methods to prevent pregnancy: condoms, pills, IUDs, etc.; some require a doctor. For more details consult a health professional or the provided helplines.",Info,WHO; UNICEF; Local studies; SnehAI; Sehat Kahani,Madadgaar Helpline: 1098 (Madadgaar); Cybercrime / FIA: 1099 (FIA cybercrime); Sehat Kahani: https://sehatkahani.com/; WHO STI Fact Sheet: https://www.who.int/news-room/fact-sheets/detail/sexually-transmitted-infections-(stis); UNICEF MHM: https://www.unicef.org/innovation/U-Report/menstrual-hygiene-polls-pakistan; Marie Stopes Pakistan: https://mariestopespk.org/
KB0045,Reproductive Health & Pregnancy Basics,Are emergency contraceptives safe?,Are emergency contraceptives safe ?,Emergency pills can be used after unprotected sex; consult a pharmacist or doctor for correct use.,Emergency pills can be used after unprotected sex; consult a pharmacist or doctor for correct use. For more details consult a health professional or the provided helplines.,Caution,WHO; UNICEF; Local studies; SnehAI; Sehat Kahani,Madadgaar Helpline: 1098 (Madadgaar); Cybercrime / FIA: 1099 (FIA cybercrime); Sehat Kahani: https://sehatkahani.com/; WHO STI Fact Sheet: https://www.who.int/news-room/fact-sheets/detail/sexually-transmitted-infections-(stis); UNICEF MHM: https://www.unicef.org/innovation/U-Report/menstrual-hygiene-polls-pakistan; Marie Stopes Pakistan: https://mariestopespk.org/
KB0046,Reproductive Health & Pregnancy Basics,Can a girl get pregnant during her period?,Can a girl get pregnant during her period ?,Less likely but possible if cycles are irregular; sperm can survive and fertilize an egg later.,Less likely but possible if cycles are irregular; sperm can survive and fertilize an egg later. For more details consult a health professional or the provided helplines.,Caution,WHO; UNICEF; Local studies; SnehAI; Sehat Kahani,Madadgaar Helpline: 1098 (Madadgaar); Cybercrime / FIA: 1099 (FIA cybercrime); Sehat Kahani: https://sehatkahani.com/; WHO STI Fact Sheet: https://www.who.int/news-room/fact-sheets/detail/sexually-transmitted-infections-(stis); UNICEF MHM: https://www.unicef.org/innovation/U-Report/menstrual-hygiene-polls-pakistan; Marie Stopes Pakistan: https://mariestopespk.org/
KB0047,Reproductive Health & Pregnancy Basics,What happens during early pregnancy?,What happens during early pregnancy ?,"Missed periods, nausea, tiredness; confirm with a pregnancy test and consult a healthcare provider.","Missed periods, nausea, tiredness; confirm with a pregnancy test and consult a healthcare provider. For more details consult a health professional or the provided helplines.",Info,WHO; UNICEF; Local studies; SnehAI; Sehat Kahani,Madadgaar Helpline: 1098 (Madadgaar); Cybercrime / FIA: 1099 (FIA cybercrime); Sehat Kahani: https://sehatkahani.com/; WHO STI Fact Sheet: https://www.who.int/news-room/fact-sheets/detail/sexually-transmitted-infections-(stis); UNICEF MHM: https://www.unicef.org/innovation/U-Report/menstrual-hygiene-polls-pakistan; Marie Stopes Pakistan: https://mariestopespk.org/
KB0048,Reproductive Health & Pregnancy Basics,Is abortion legal and safe?,Is abortion legal and safe ?,Laws vary and unsafe abortions are dangerous. Seek qualified medical advice and support services.,Laws vary and unsafe abortions are dangerous. Seek qualified medical advice and support services. For more details consult a health professional or the provided helplines.,Caution,WHO; UNICEF; Local studies; SnehAI; Sehat Kahani,Madadgaar Helpline: 1098 (Madadgaar); Cybercrime / FIA: 1099 (FIA cybercrime); Sehat Kahani: https://sehatkahani.com/; WHO STI Fact Sheet: https://www.who.int/news-room/fact-sheets/detail/sexually-transmitted-infections-(stis); UNICEF MHM: https://www.unicef.org/innovation/U-Report/menstrual-hygiene-polls-pakistan; Marie Stopes Pakistan: https://mariestopespk.org/
KB0049,Reproductive Health & Pregnancy Basics,How to talk about family planning?,How to talk about family planning ?,Discuss with a trusted adult or health professional; clinics provide confidential counseling.,Discuss with a trusted adult or health professional; clinics provide confidential counseling. For more details consult a health professional or the provided helplines.,Info,WHO; UNICEF; Local studies; SnehAI; Sehat Kahani,Madadgaar Helpline: 1098 (Madadgaar); Cybercrime / FIA: 1099 (FIA cybercrime); Sehat Kahani: https://sehatkahani.com/; WHO STI Fact Sheet: https://www.who.int/news-room/fact-sheets/detail/sexually-transmitted-infections-(stis); UNICEF MHM: https://www.unicef.org/innovation/U-Report/menstrual-hygiene-polls-pakistan; Marie Stopes Pakistan: https://mariestopespk.org/
KB0050,Reproductive Health & Pregnancy Basics,Can contraceptives affect future fertility?,Can contraceptives affect future fertility ?,Most reversible contraceptives do not affect long-term fertility once stopped; consult a doctor.,Most reversible contraceptives do not affect long-term fertility once stopped; consult a doctor. For more details consult a health professional or the provided helplines.,Caution,WHO; UNICEF; Local studies; SnehAI; Sehat Kahani,Madadgaar Helpline: 1098 (Madadgaar); Cybercrime / FIA: 1099 (FIA cybercrime); Sehat Kahani: https://sehatkahani.com/; WHO STI Fact Sheet: https://www.who.int/news-room/fact-sheets/detail/sexually-transmitted-infections-(stis); UNICEF MHM: https://www.unicef.org/innovation/U-Report/menstrual-hygiene-polls-pakistan; Marie Stopes Pakistan: https://mariestopespk.org/
KB0051,Reproductive Health & Pregnancy Basics,What services are confidential for adolescents?,What services are confidential for adolescents ?,Many clinics offer confidential counseling; ask about privacy policies or use telehealth options.,Many clinics offer confidential counseling; ask about privacy policies or use telehealth options. For more details consult a health professional or the provided helplines.,Info,WHO; UNICEF; Local studies; SnehAI; Sehat Kahani,Madadgaar Helpline: 1098 (Madadgaar); Cybercrime / FIA: 1099 (FIA cybercrime); Sehat Kahani: https://sehatkahani.com/; WHO STI Fact Sheet: https://www.who.int/news-room/fact-sheets/detail/sexually-transmitted-infections-(stis); UNICEF MHM: https://www.unicef.org/innovation/U-Report/menstrual-hygiene-polls-pakistan; Marie Stopes Pakistan: https://mariestopespk.org/
KB0052,Reproductive Health & Pregnancy Basics,Why is teenage pregnancy risky?,Why is teenage pregnancy risky ?,"Higher health risks for mother and baby, school dropout, and social challenges; support and counseling help.","Higher health risks for mother and baby, school dropout, and social challenges; support and counseling help. For more details consult a health professional or the provided helplines.",Caution,WHO; UNICEF; Local studies; SnehAI; Sehat Kahani,Madadgaar Helpline: 1098 (Madadgaar); Cybercrime / FIA: 1099 (FIA cybercrime); Sehat Kahani: https://sehatkahani.com/; WHO STI Fact Sheet: https://www.who.int/news-room/fact-sheets/detail/sexually-transmitted-infections-(stis); UNICEF MHM: https://www.unicef.org/innovation/U-Report/menstrual-hygiene-polls-pakistan; Marie Stopes Pakistan: https://mariestopespk.org/
KB0053,STIs & Safe Practices,What are common STIs?,What are common STIs ?,"Common STIs include chlamydia, gonorrhea, syphilis, HIV, herpes, and HPV.","Common STIs include chlamydia, gonorrhea, syphilis, HIV, herpes, and HPV. For more details consult a health professional or the provided helplines.",Info,WHO; UNICEF; Local studies; SnehAI; Sehat Kahani,Madadgaar Helpline: 1098 (Madadgaar); Cybercrime / FIA: 1099 (FIA cybercrime); Sehat Kahani: https://sehatkahani.com/; WHO STI Fact Sheet: https://www.who.int/news-room/fact-sheets/detail/sexually-transmitted-infections-(stis); UNICEF MHM: https://www.unicef.org/innovation/U-Report/menstrual-hygiene-polls-pakistan; Marie Stopes Pakistan: https://mariestopespk.org/
KB0054,STIs & Safe Practices,How to prevent STIs?,How to prevent STIs ?,"Use condoms correctly, limit partners, get vaccinated (HPV, Hep B), and test regularly.","Use condoms correctly, limit partners, get vaccinated (HPV, Hep B), and test regularly. For more details consult a health professional or the provided helplines.",Info,WHO; UNICEF; Local studies; SnehAI; Sehat Kahani,Madadgaar Helpline: 1098 (Madadgaar); Cybercrime / FIA: 1099 (FIA cybercrime); Sehat Kahani: https://sehatkahani.com/; WHO STI Fact Sheet: https://www.who.int/news-room/fact-sheets/detail/sexually-transmitted-infections-(stis); UNICEF MHM: https://www.unicef.org/innovation/U-Report/menstrual-hygiene-polls-pakistan; Marie Stopes Pakistan: https://mariestopespk.org/
KB0055,STIs & Safe Practices,Where to get tested in Pakistan?,Where to get tested in Pakistan ?,"Government hospitals, NGO clinics, and telehealth services like Sehat Kahani offer testing and counseling.","Government hospitals, NGO clinics, and telehealth services like Sehat Kahani offer testing and counseling. For more details consult a health professional or the provided helplines.",Caution,WHO; UNICEF; Local studies; SnehAI; Sehat Kahani,Madadgaar Helpline: 1098 (Madadgaar); Cybercrime / FIA: 1099 (FIA cybercrime); Sehat Kahani: https://sehatkahani.com/; WHO STI Fact Sheet: https://www.who.int/news-room/fact-sheets/detail/sexually-transmitted-infections-(stis); UNICEF MHM: https://www.unicef.org/innovation/U-Report/menstrual-hygiene-polls-pakistan; Marie Stopes Pakistan: https://mariestopespk.org/
KB0056,STIs & Safe Practices,Can STIs go away on their own?,Can STIs go away on their own ?,Some bacterial STIs can be cured with medicines; viral STIs may be managed but not cured.,Some bacterial STIs can be cured with medicines; viral STIs may be managed but not cured. For more details consult a health professional or the provided helplines.,Caution,WHO; UNICEF; Local studies; SnehAI; Sehat Kahani,Madadgaar Helpline: 1098 (Madadgaar); Cybercrime / FIA: 1099 (FIA cybercrime); Sehat Kahani: https://sehatkahani.com/; WHO STI Fact Sheet: https://www.who.int/news-room/fact-sheets/detail/sexually-transmitted-infections-(stis); UNICEF MHM: https://www.unicef.org/innovation/U-Report/menstrual-hygiene-polls-pakistan; Marie Stopes Pakistan: https://mariestopespk.org/
KB0057,STIs & Safe Practices,What are signs of an STI?,What are signs of an STI ?,"Unusual discharge, sores, burning during urination, itching; but many cases have no symptoms.","Unusual discharge, sores, burning during urination, itching; but many cases have no symptoms. For more details consult a health professional or the provided helplines.",Info,WHO; UNICEF; Local studies; SnehAI; Sehat Kahani,Madadgaar Helpline: 1098 (Madadgaar); Cybercrime / FIA: 1099 (FIA cybercrime); Sehat Kahani: https://sehatkahani.com/; WHO STI Fact Sheet: https://www.who.int/news-room/fact-sheets/detail/sexually-transmitted-infections-(stis); UNICEF MHM: https://www.unicef.org/innovation/U-Report/menstrual-hygiene-polls-pakistan; Marie Stopes Pakistan: https://mariestopespk.org/
KB0058,STIs & Safe Practices,Can antibiotics treat all STIs?,Can antibiotics treat all STIs ?,Antibiotics treat bacterial STIs; viruses like HIV need specific antiviral treatments.,Antibiotics treat bacterial STIs; viruses like HIV need specific antiviral treatments. For more details consult a health professional or the provided helplines.,Caution,WHO; UNICEF; Local studies; SnehAI; Sehat Kahani,Madadgaar Helpline: 1098 (Madadgaar); Cybercrime / FIA: 1099 (FIA cybercrime); Sehat Kahani: https://sehatkahani.com/; WHO STI Fact Sheet: https://www.who.int/news-room/fact-sheets/detail/sexually-transmitted-infections-(stis); UNICEF MHM: https://www.unicef.org/innovation/U-Report/menstrual-hygiene-polls-pakistan; Marie Stopes Pakistan: https://mariestopespk.org/
KB0059,STIs & Safe Practices,Is HIV test confidential?,Is HIV test confidential ?,"Yes, most clinics maintain confidentiality; ask about privacy before testing.","Yes, most clinics maintain confidentiality; ask about privacy before testing. For more details consult a health professional or the provided helplines.",Caution,WHO; UNICEF; Local studies; SnehAI; Sehat Kahani,Madadgaar Helpline: 1098 (Madadgaar); Cybercrime / FIA: 1099 (FIA cybercrime); Sehat Kahani: https://sehatkahani.com/; WHO STI Fact Sheet: https://www.who.int/news-room/fact-sheets/detail/sexually-transmitted-infections-(stis); UNICEF MHM: https://www.unicef.org/innovation/U-Report/menstrual-hygiene-polls-pakistan; Marie Stopes Pakistan: https://mariestopespk.org/
KB0060,STIs & Safe Practices,Can condoms protect against HPV?,Can condoms protect against HPV ?,Condoms reduce but do not eliminate HPV risk because it spreads via skin contact.,Condoms reduce but do not eliminate HPV risk because it spreads via skin contact. For more details consult a health professional or the provided helplines.,Caution,WHO; UNICEF; Local studies; SnehAI; Sehat Kahani,Madadgaar Helpline: 1098 (Madadgaar); Cybercrime / FIA: 1099 (FIA cybercrime); Sehat Kahani: https://sehatkahani.com/; WHO STI Fact Sheet: https://www.who.int/news-room/fact-sheets/detail/sexually-transmitted-infections-(stis); UNICEF MHM: https://www.unicef.org/innovation/U-Report/menstrual-hygiene-polls-pakistan; Marie Stopes Pakistan: https://mariestopespk.org/
KB0061,STIs & Safe Practices,What to do after sexual assault?,What to do after sexual assault ?,Seek medical care immediately for injuries and possible prophylactic treatment; report and seek support.,Seek medical care immediately for injuries and possible prophylactic treatment; report and seek support. For more details consult a health professional or the provided helplines.,Info,WHO; UNICEF; Local studies; SnehAI; Sehat Kahani,Madadgaar Helpline: 1098 (Madadgaar); Cybercrime / FIA: 1099 (FIA cybercrime); Sehat Kahani: https://sehatkahani.com/; WHO STI Fact Sheet: https://www.who.int/news-room/fact-sheets/detail/sexually-transmitted-infections-(stis); UNICEF MHM: https://www.unicef.org/innovation/U-Report/menstrual-hygiene-polls-pakistan; Marie Stopes Pakistan: https://mariestopespk.org/
KB0062,STIs & Safe Practices,How often should sexually active adolescents get tested?,How often should sexually active adolescents get tested ?,"At least once a year, or more if multiple partners or symptoms.","At least once a year, or more if multiple partners or symptoms. For more details consult a health professional or the provided helplines.",Info,WHO; UNICEF; Local studies; SnehAI; Sehat Kahani,Madadgaar Helpline: 1098 (Madadgaar); Cybercrime / FIA: 1099 (FIA cybercrime); Sehat Kahani: https://sehatkahani.com/; WHO STI Fact Sheet: https://www.who.int/news-room/fact-sheets/detail/sexually-transmitted-infections-(stis); UNICEF MHM: https://www.unicef.org/innovation/U-Report/menstrual-hygiene-polls-pakistan; Marie Stopes Pakistan: https://mariestopespk.org/
KB0063,STIs & Safe Practices,Can STIs be passed to newborns?,Can STIs be passed to newborns ?,"Yes, some STIs can affect newborns; pregnant women should be tested and treated.","Yes, some STIs can affect newborns; pregnant women should be tested and treated. For more details consult a health professional or the provided helplines.",Caution,WHO; UNICEF; Local studies; SnehAI; Sehat Kahani,Madadgaar Helpline: 1098 (Madadgaar); Cybercrime / FIA: 1099 (FIA cybercrime); Sehat Kahani: https://sehatkahani.com/; WHO STI Fact Sheet: https://www.who.int/news-room/fact-sheets/detail/sexually-transmitted-infections-(stis); UNICEF MHM: https://www.unicef.org/innovation/U-Report/menstrual-hygiene-polls-pakistan; Marie Stopes Pakistan: https://mariestopespk.org/
KB0064,STIs & Safe Practices,What is PrEP for HIV?,What is PrEP for HIV ?,Pre-exposure prophylaxis (PrEP) prevents HIV infection for high-risk individuals when prescribed by a doctor.,Pre-exposure prophylaxis (PrEP) prevents HIV infection for high-risk individuals when prescribed by a doctor. For more details consult a health professional or the provided helplines.,Info,WHO; UNICEF; Local studies; SnehAI; Sehat Kahani,Madadgaar Helpline: 1098 (Madadgaar); Cybercrime / FIA: 1099 (FIA cybercrime); Sehat Kahani: https://sehatkahani.com/; WHO STI Fact Sheet: https://www.who.int/news-room/fact-sheets/detail/sexually-transmitted-infections-(stis); UNICEF MHM: https://www.unicef.org/innovation/U-Report/menstrual-hygiene-polls-pakistan; Marie Stopes Pakistan: https://mariestopespk.org/
KB0065,Harassment & Consent,What is consent?,What is consent ?,"Consent means freely agreeing to activity. If someone is pressured or forced, it is not consent.","Consent means freely agreeing to activity. If someone is pressured or forced, it is not consent. For more details consult a health professional or the provided helplines.",Info,WHO; UNICEF; Local studies; SnehAI; Sehat Kahani,Madadgaar Helpline: 1098 (Madadgaar); Cybercrime / FIA: 1099 (FIA cybercrime); Sehat Kahani: https://sehatkahani.com/; WHO STI Fact Sheet: https://www.who.int/news-room/fact-sheets/detail/sexually-transmitted-infections-(stis); UNICEF MHM: https://www.unicef.org/innovation/U-Report/menstrual-hygiene-polls-pakistan; Marie Stopes Pakistan: https://mariestopespk.org/
KB0066,Harassment & Consent,What to do if someone touches me without permission?,What to do if someone touches me without permission ?,"Tell a trusted adult, document evidence, and seek support; it is not your fault.","Tell a trusted adult, document evidence, and seek support; it is not your fault. For more details consult a health professional or the provided helplines.",Info,WHO; UNICEF; Local studies; SnehAI; Sehat Kahani,Madadgaar Helpline: 1098 (Madadgaar); Cybercrime / FIA: 1099 (FIA cybercrime); Sehat Kahani: https://sehatkahani.com/; WHO STI Fact Sheet: https://www.who.int/news-room/fact-sheets/detail/sexually-transmitted-infections-(stis); UNICEF MHM: https://www.unicef.org/innovation/U-Report/menstrual-hygiene-polls-pakistan; Marie Stopes Pakistan: https://mariestopespk.org/
KB0067,Harassment & Consent,Can boys be victims of harassment?,Can boys be victims of harassment ?,"Yes, anyone can be a victim; support and reporting are important for everyone.","Yes, anyone can be a victim; support and reporting are important for everyone. For more details consult a health professional or the provided helplines.",Caution,WHO; UNICEF; Local studies; SnehAI; Sehat Kahani,Madadgaar Helpline: 1098 (Madadgaar); Cybercrime / FIA: 1099 (FIA cybercrime); Sehat Kahani: https://sehatkahani.com/; WHO STI Fact Sheet: https://www.who.int/news-room/fact-sheets/detail/sexually-transmitted-infections-(stis); UNICEF MHM: https://www.unicef.org/innovation/U-Report/menstrual-hygiene-polls-pakistan; Marie Stopes Pakistan: https://mariestopespk.org/
KB0068,Harassment & Consent,How to report harassment in school?,How to report harassment in school ?,"Tell a teacher, school counselor, or use school reporting mechanisms; ask for confidentiality.","Tell a teacher, school counselor, or use school reporting mechanisms; ask for confidentiality. For more details consult a health professional or the provided helplines.",Info,WHO; UNICEF; Local studies; SnehAI; Sehat Kahani,Madadgaar Helpline: 1098 (Madadgaar); Cybercrime / FIA: 1099 (FIA cybercrime); Sehat Kahani: https://sehatkahani.com/; WHO STI Fact Sheet: https://www.who.int/news-room/fact-sheets/detail/sexually-transmitted-infections-(stis); UNICEF MHM: https://www.unicef.org/innovation/U-Report/menstrual-hygiene-polls-pakistan; Marie Stopes Pakistan: https://mariestopespk.org/
KB0069,Harassment & Consent,Is online harassment the same as in-person?,Is online harassment the same as in-person ?,"Yes, online harassment can be damaging; save messages and report to platform and authorities.","Yes, online harassment can be damaging; save messages and report to platform and authorities. For more details consult a health professional or the provided helplines.",Caution,WHO; UNICEF; Local studies; SnehAI; Sehat Kahani,Madadgaar Helpline: 1098 (Madadgaar); Cybercrime / FIA: 1099 (FIA cybercrime); Sehat Kahani: https://sehatkahani.com/; WHO STI Fact Sheet: https://www.who.int/news-room/fact-sheets/detail/sexually-transmitted-infections-(stis); UNICEF MHM: https://www.unicef.org/innovation/U-Report/menstrual-hygiene-polls-pakistan; Marie Stopes Pakistan: https://mariestopespk.org/
KB0070,Harassment & Consent,Can family members be reported for abuse?,Can family members be reported for abuse ?,"Yes. Seek help from trusted adults, NGOs, or helplines; safety planning is important.","Yes. Seek help from trusted adults, NGOs, or helplines; safety planning is important. For more details consult a health professional or the provided helplines.",Caution,WHO; UNICEF; Local studies; SnehAI; Sehat Kahani,Madadgaar Helpline: 1098 (Madadgaar); Cybercrime / FIA: 1099 (FIA cybercrime); Sehat Kahani: https://sehatkahani.com/; WHO STI Fact Sheet: https://www.who.int/news-room/fact-sheets/detail/sexually-transmitted-infections-(stis); UNICEF MHM: https://www.unicef.org/innovation/U-Report/menstrual-hygiene-polls-pakistan; Marie Stopes Pakistan: https://mariestopespk.org/
KB0071,Harassment & Consent,What is grooming?,What is grooming ?,Grooming is when an adult builds trust to exploit a young person; report suspicious behavior.,Grooming is when an adult builds trust to exploit a young person; report suspicious behavior. For more details consult a health professional or the provided helplines.,Info,WHO; UNICEF; Local studies; SnehAI; Sehat Kahani,Madadgaar Helpline: 1098 (Madadgaar); Cybercrime / FIA: 1099 (FIA cybercrime); Sehat Kahani: https://sehatkahani.com/; WHO STI Fact Sheet: https://www.who.int/news-room/fact-sheets/detail/sexually-transmitted-infections-(stis); UNICEF MHM: https://www.unicef.org/innovation/U-Report/menstrual-hygiene-polls-pakistan; Marie Stopes Pakistan: https://mariestopespk.org/
KB0072,Harassment & Consent,How to keep evidence after harassment?,How to keep evidence after harassment ?,"Save messages, take screenshots, and record dates and times. Share with authorities when safe.","Save messages, take screenshots, and record dates and times. Share with authorities when safe. For more details consult a health professional or the provided helplines.",Info,WHO; UNICEF; Local studies; SnehAI; Sehat Kahani,Madadgaar Helpline: 1098 (Madadgaar); Cybercrime / FIA: 1099 (FIA cybercrime); Sehat Kahani: https://sehatkahani.com/; WHO STI Fact Sheet: https://www.who.int/news-room/fact-sheets/detail/sexually-transmitted-infections-(stis); UNICEF MHM: https://www.unicef.org/innovation/U-Report/menstrual-hygiene-polls-pakistan; Marie Stopes Pakistan: https://mariestopespk.org/
KB0073,Harassment & Consent,What support is available after assault?,What support is available after assault ?,"Medical, legal, and counseling services are available; reach out to NGOs and hotlines for help.","Medical, legal, and counseling services are available; reach out to NGOs and hotlines for help. For more details consult a health professional or the provided helplines.",Info,WHO; UNICEF; Local studies; SnehAI; Sehat Kahani,Madadgaar Helpline: 1098 (Madadgaar); Cybercrime / FIA: 1099 (FIA cybercrime); Sehat Kahani: https://sehatkahani.com/; WHO STI Fact Sheet: https://www.who.int/news-room/fact-sheets/detail/sexually-transmitted-infections-(stis); UNICEF MHM: https://www.unicef.org/innovation/U-Report/menstrual-hygiene-polls-pakistan; Marie Stopes Pakistan: https://mariestopespk.org/
KB0074,Harassment & Consent,How to support a friend who was assaulted?,How to support a friend who was assaulted ?,"Listen without judgment, encourage medical help, and offer to accompany them to services.","Listen without judgment, encourage medical help, and offer to accompany them to services. For more details consult a health professional or the provided helplines.",Info,WHO; UNICEF; Local studies; SnehAI; Sehat Kahani,Madadgaar Helpline: 1098 (Madadgaar); Cybercrime / FIA: 1099 (FIA cybercrime); Sehat Kahani: https://sehatkahani.com/; WHO STI Fact Sheet: https://www.who.int/news-room/fact-sheets/detail/sexually-transmitted-infections-(stis); UNICEF MHM: https://www.unicef.org/innovation/U-Report/menstrual-hygiene-polls-pakistan; Marie Stopes Pakistan: https://mariestopespk.org/
KB0075,Harassment & Consent,Can I get legal help without going to police?,Can I get legal help without going to police ?,"Yes, NGOs and legal aid organizations can provide support and represent survivors.","Yes, NGOs and legal aid organizations can provide support and represent survivors. For more details consult a health professional or the provided helplines.",Caution,WHO; UNICEF; Local studies; SnehAI; Sehat Kahani,Madadgaar Helpline: 1098 (Madadgaar); Cybercrime / FIA: 1099 (FIA cybercrime); Sehat Kahani: https://sehatkahani.com/; WHO STI Fact Sheet: https://www.who.int/news-room/fact-sheets/detail/sexually-transmitted-infections-(stis); UNICEF MHM: https://www.unicef.org/innovation/U-Report/menstrual-hygiene-polls-pakistan; Marie Stopes Pakistan: https://mariestopespk.org/
KB0076,Harassment & Consent,What if the harasser is a teacher or authority?,What if the harasser is a teacher or authority ?,"Seek trusted adults outside the school, NGOs, or legal support; prioritize your safety and confidentiality.","Seek trusted adults outside the school, NGOs, or legal support; prioritize your safety and confidentiality. For more details consult a health professional or the provided helplines.",Info,WHO; UNICEF; Local studies; SnehAI; Sehat Kahani,Madadgaar Helpline: 1098 (Madadgaar); Cybercrime / FIA: 1099 (FIA cybercrime); Sehat Kahani: https://sehatkahani.com/; WHO STI Fact Sheet: https://www.who.int/news-room/fact-sheets/detail/sexually-transmitted-infections-(stis); UNICEF MHM: https://www.unicef.org/innovation/U-Report/menstrual-hygiene-polls-pakistan; Marie Stopes Pakistan: https://mariestopespk.org/
KB0077,Digital Safety,What if someone asks me for nude photos?,What if someone asks me for nude photos ?,"Do not send. Save messages, block the person, and report. Seek help if you feel threatened.","Do not send. Save messages, block the person, and report. Seek help if you feel threatened. For more details consult a health professional or the provided helplines.",Info,WHO; UNICEF; Local studies; SnehAI; Sehat Kahani,Madadgaar Helpline: 1098 (Madadgaar); Cybercrime / FIA: 1099 (FIA cybercrime); Sehat Kahani: https://sehatkahani.com/; WHO STI Fact Sheet: https://www.who.int/news-room/fact-sheets/detail/sexually-transmitted-infections-(stis); UNICEF MHM: https://www.unicef.org/innovation/U-Report/menstrual-hygiene-polls-pakistan; Marie Stopes Pakistan: https://mariestopespk.org/
KB0078,Digital Safety,How to create a safe password?,How to create a safe password ?,"Use long, unique passwords and enable two-factor authentication where possible.","Use long, unique passwords and enable two-factor authentication where possible. For more details consult a health professional or the provided helplines.",Info,WHO; UNICEF; Local studies; SnehAI; Sehat Kahani,Madadgaar Helpline: 1098 (Madadgaar); Cybercrime / FIA: 1099 (FIA cybercrime); Sehat Kahani: https://sehatkahani.com/; WHO STI Fact Sheet: https://www.who.int/news-room/fact-sheets/detail/sexually-transmitted-infections-(stis); UNICEF MHM: https://www.unicef.org/innovation/U-Report/menstrual-hygiene-polls-pakistan; Marie Stopes Pakistan: https://mariestopespk.org/
KB0079,Digital Safety,What is cyberbullying?,What is cyberbullying ?,Repeated online harassment or humiliation; report and save evidence.,Repeated online harassment or humiliation; report and save evidence. For more details consult a health professional or the provided helplines.,Info,WHO; UNICEF; Local studies; SnehAI; Sehat Kahani,Madadgaar Helpline: 1098 (Madadgaar); Cybercrime / FIA: 1099 (FIA cybercrime); Sehat Kahani: https://sehatkahani.com/; WHO STI Fact Sheet: https://www.who.int/news-room/fact-sheets/detail/sexually-transmitted-infections-(stis); UNICEF MHM: https://www.unicef.org/innovation/U-Report/menstrual-hygiene-polls-pakistan; Marie Stopes Pakistan: https://mariestopespk.org/
KB0080,Digital Safety,Can social media affect mental health?,Can social media affect mental health ?,"Yes, limit time, follow positive accounts, and talk to someone if posts make you upset.","Yes, limit time, follow positive accounts, and talk to someone if posts make you upset. For more details consult a health professional or the provided helplines.",Caution,WHO; UNICEF; Local studies; SnehAI; Sehat Kahani,Madadgaar Helpline: 1098 (Madadgaar); Cybercrime / FIA: 1099 (FIA cybercrime); Sehat Kahani: https://sehatkahani.com/; WHO STI Fact Sheet: https://www.who.int/news-room/fact-sheets/detail/sexually-transmitted-infections-(stis); UNICEF MHM: https://www.unicef.org/innovation/U-Report/menstrual-hygiene-polls-pakistan; Marie Stopes Pakistan: https://mariestopespk.org/
KB0081,Digital Safety,How to stay anonymous online?,How to stay anonymous online ?,"Avoid sharing personal details, use privacy settings, and be cautious about new contacts.","Avoid sharing personal details, use privacy settings, and be cautious about new contacts. For more details consult a health professional or the provided helplines.",Info,WHO; UNICEF; Local studies; SnehAI; Sehat Kahani,Madadgaar Helpline: 1098 (Madadgaar); Cybercrime / FIA: 1099 (FIA cybercrime); Sehat Kahani: https://sehatkahani.com/; WHO STI Fact Sheet: https://www.who.int/news-room/fact-sheets/detail/sexually-transmitted-infections-(stis); UNICEF MHM: https://www.unicef.org/innovation/U-Report/menstrual-hygiene-polls-pakistan; Marie Stopes Pakistan: https://mariestopespk.org/
KB0082,Digital Safety,What to do if my account is hacked?,What to do if my account is hacked ?,"Change passwords, inform the platform, and report to cybercrime authorities if crimes occurred.","Change passwords, inform the platform, and report to cybercrime authorities if crimes occurred. For more details consult a health professional or the provided helplines.",Info,WHO; UNICEF; Local studies; SnehAI; Sehat Kahani,Madadgaar Helpline: 1098 (Madadgaar); Cybercrime / FIA: 1099 (FIA cybercrime); Sehat Kahani: https://sehatkahani.com/; WHO STI Fact Sheet: https://www.who.int/news-room/fact-sheets/detail/sexually-transmitted-infections-(stis); UNICEF MHM: https://www.unicef.org/innovation/U-Report/menstrual-hygiene-polls-pakistan; Marie Stopes Pakistan: https://mariestopespk.org/
KB0083,Digital Safety,How to report online sexual exploitation?,How to report online sexual exploitation ?,"Save evidence, block the user, and report to FIA cybercrime or helplines like 1099.","Save evidence, block the user, and report to FIA cybercrime or helplines like 1099. For more details consult a health professional or the provided helplines.",Info,WHO; UNICEF; Local studies; SnehAI; Sehat Kahani,Madadgaar Helpline: 1098 (Madadgaar); Cybercrime / FIA: 1099 (FIA cybercrime); Sehat Kahani: https://sehatkahani.com/; WHO STI Fact Sheet: https://www.who.int/news-room/fact-sheets/detail/sexually-transmitted-infections-(stis); UNICEF MHM: https://www.unicef.org/innovation/U-Report/menstrual-hygiene-polls-pakistan; Marie Stopes Pakistan: https://mariestopespk.org/
KB0084,Digital Safety,Is it safe to meet online friends in person?,Is it safe to meet online friends in person ?,"Be careful: meet in public, bring a trusted person, and tell someone where you are going.","Be careful: meet in public, bring a trusted person, and tell someone where you are going. For more details consult a health professional or the provided helplines.",Caution,WHO; UNICEF; Local studies; SnehAI; Sehat Kahani,Madadgaar Helpline: 1098 (Madadgaar); Cybercrime / FIA: 1099 (FIA cybercrime); Sehat Kahani: https://sehatkahani.com/; WHO STI Fact Sheet: https://www.who.int/news-room/fact-sheets/detail/sexually-transmitted-infections-(stis); UNICEF MHM: https://www.unicef.org/innovation/U-Report/menstrual-hygiene-polls-pakistan; Marie Stopes Pakistan: https://mariestopespk.org/
KB0085,Mental Health & Self-Esteem,What if I feel very sad for weeks?,What if I feel very sad for weeks ?,Persistent sadness may be depression; talk to a counselor or doctor. Support and treatment help.,Persistent sadness may be depression; talk to a counselor or doctor. Support and treatment help. For more details consult a health professional or the provided helplines.,Info,WHO; UNICEF; Local studies; SnehAI; Sehat Kahani,Madadgaar Helpline: 1098 (Madadgaar); Cybercrime / FIA: 1099 (FIA cybercrime); Sehat Kahani: https://sehatkahani.com/; WHO STI Fact Sheet: https://www.who.int/news-room/fact-sheets/detail/sexually-transmitted-infections-(stis); UNICEF MHM: https://www.unicef.org/innovation/U-Report/menstrual-hygiene-polls-pakistan; Marie Stopes Pakistan: https://mariestopespk.org/
KB0086,Mental Health & Self-Esteem,How to cope with anxiety?,How to cope with anxiety ?,"Breathing exercises, routine, and talking to someone help. Seek professional help if it worsens.","Breathing exercises, routine, and talking to someone help. Seek professional help if it worsens. For more details consult a health professional or the provided helplines.",Info,WHO; UNICEF; Local studies; SnehAI; Sehat Kahani,Madadgaar Helpline: 1098 (Madadgaar); Cybercrime / FIA: 1099 (FIA cybercrime); Sehat Kahani: https://sehatkahani.com/; WHO STI Fact Sheet: https://www.who.int/news-room/fact-sheets/detail/sexually-transmitted-infections-(stis); UNICEF MHM: https://www.unicef.org/innovation/U-Report/menstrual-hygiene-polls-pakistan; Marie Stopes Pakistan: https://mariestopespk.org/
KB0087,Mental Health & Self-Esteem,Can harassment cause long-term mental issues?,Can harassment cause long-term mental issues ?,"Yes, trauma can cause lasting effects; counseling and support are important for recovery.","Yes, trauma can cause lasting effects; counseling and support are important for recovery. For more details consult a health professional or the provided helplines.",Caution,WHO; UNICEF; Local studies; SnehAI; Sehat Kahani,Madadgaar Helpline: 1098 (Madadgaar); Cybercrime / FIA: 1099 (FIA cybercrime); Sehat Kahani: https://sehatkahani.com/; WHO STI Fact Sheet: https://www.who.int/news-room/fact-sheets/detail/sexually-transmitted-infections-(stis); UNICEF MHM: https://www.unicef.org/innovation/U-Report/menstrual-hygiene-polls-pakistan; Marie Stopes Pakistan: https://mariestopespk.org/
KB0088,Mental Health & Self-Esteem,How to build self-esteem?,How to build self-esteem ?,"Practice self-care, set small goals, and seek supportive people; therapy can help if needed.","Practice self-care, set small goals, and seek supportive people; therapy can help if needed. For more details consult a health professional or the provided helplines.",Info,WHO; UNICEF; Local studies; SnehAI; Sehat Kahani,Madadgaar Helpline: 1098 (Madadgaar); Cybercrime / FIA: 1099 (FIA cybercrime); Sehat Kahani: https://sehatkahani.com/; WHO STI Fact Sheet: https://www.who.int/news-room/fact-sheets/detail/sexually-transmitted-infections-(stis); UNICEF MHM: https://www.unicef.org/innovation/U-Report/menstrual-hygiene-polls-pakistan; Marie Stopes Pakistan: https://mariestopespk.org/
KB0089,Mental Health & Self-Esteem,Is it normal to feel alone?,Is it normal to feel alone ?,"Many adolescents feel alone; reaching out to friends, family, or counselors helps.","Many adolescents feel alone; reaching out to friends, family, or counselors helps. For more details consult a health professional or the provided helplines.",Caution,WHO; UNICEF; Local studies; SnehAI; Sehat Kahani,Madadgaar Helpline: 1098 (Madadgaar); Cybercrime / FIA: 1099 (FIA cybercrime); Sehat Kahani: https://sehatkahani.com/; WHO STI Fact Sheet: https://www.who.int/news-room/fact-sheets/detail/sexually-transmitted-infections-(stis); UNICEF MHM: https://www.unicef.org/innovation/U-Report/menstrual-hygiene-polls-pakistan; Marie Stopes Pakistan: https://mariestopespk.org/
KB0090,Mental Health & Self-Esteem,What is a counselor and how to find one?,What is a counselor and kaise to find one ?,"Counselors support emotional health; search NGOs, school counselors, or telehealth services.","Counselors support emotional health; search NGOs, school counselors, or telehealth services. For more details consult a health professional or the provided helplines.",Info,WHO; UNICEF; Local studies; SnehAI; Sehat Kahani,Madadgaar Helpline: 1098 (Madadgaar); Cybercrime / FIA: 1099 (FIA cybercrime); Sehat Kahani: https://sehatkahani.com/; WHO STI Fact Sheet: https://www.who.int/news-room/fact-sheets/detail/sexually-transmitted-infections-(stis); UNICEF MHM: https://www.unicef.org/innovation/U-Report/menstrual-hygiene-polls-pakistan; Marie Stopes Pakistan: https://mariestopespk.org/
KB0091,Mental Health & Self-Esteem,How to help a friend in crisis?,How to help a friend in crisis ?,"Stay with them, listen, call emergency services if in immediate danger, and seek professional help.","Stay with them, listen, call emergency services if in immediate danger, and seek professional help. For more details consult a health professional or the provided helplines.",Info,WHO; UNICEF; Local studies; SnehAI; Sehat Kahani,Madadgaar Helpline: 1098 (Madadgaar); Cybercrime / FIA: 1099 (FIA cybercrime); Sehat Kahani: https://sehatkahani.com/; WHO STI Fact Sheet: https://www.who.int/news-room/fact-sheets/detail/sexually-transmitted-infections-(stis); UNICEF MHM: https://www.unicef.org/innovation/U-Report/menstrual-hygiene-polls-pakistan; Marie Stopes Pakistan: https://mariestopespk.org/
KB0092,Mental Health & Self-Esteem,Can exercise improve mental health?,Can exercise improve mental health ?,"Yes, regular physical activity improves mood and reduces stress.","Yes, regular physical activity improves mood and reduces stress. For more details consult a health professional or the provided helplines.",Caution,WHO; UNICEF; Local studies; SnehAI; Sehat Kahani,Madadgaar Helpline: 1098 (Madadgaar); Cybercrime / FIA: 1099 (FIA cybercrime); Sehat Kahani: https://sehatkahani.com/; WHO STI Fact Sheet: https://www.who.int/news-room/fact-sheets/detail/sexually-transmitted-infections-(stis); UNICEF MHM: https://www.unicef.org/innovation/U-Report/menstrual-hygiene-polls-pakistan; Marie Stopes Pakistan: https://mariestopespk.org/
KB0093,Local Resources & Helplines,What is Madadgaar Helpline?,What is Madadgaar Helpline ?,Madadgaar 1098 is a child protection helpline in Pakistan for rescue and support.,Madadgaar 1098 is a child protection helpline in Pakistan for rescue and support. For more details consult a health professional or the provided helplines.,Info,WHO; UNICEF; Local studies; SnehAI; Sehat Kahani,Madadgaar Helpline: 1098 (Madadgaar); Cybercrime / FIA: 1099 (FIA cybercrime); Sehat Kahani: https://sehatkahani.com/; WHO STI Fact Sheet: https://www.who.int/news-room/fact-sheets/detail/sexually-transmitted-infections-(stis); UNICEF MHM: https://www.unicef.org/innovation/U-Report/menstrual-hygiene-polls-pakistan; Marie Stopes Pakistan: https://mariestopespk.org/
KB0094,Local Resources & Helplines,How to contact cybercrime authorities?,How to contact cybercrime authorities ?,FIA cybercrime can be reached at 1099 for online exploitation and offenses.,FIA cybercrime can be reached at 1099 for online exploitation and offenses. For more details consult a health professional or the provided helplines.,Info,WHO; UNICEF; Local studies; SnehAI; Sehat Kahani,Madadgaar Helpline: 1098 (Madadgaar); Cybercrime / FIA: 1099 (FIA cybercrime); Sehat Kahani: https://sehatkahani.com/; WHO STI Fact Sheet: https://www.who.int/news-room/fact-sheets/detail/sexually-transmitted-infections-(stis); UNICEF MHM: https://www.unicef.org/innovation/U-Report/menstrual-hygiene-polls-pakistan; Marie Stopes Pakistan: https://mariestopespk.org/
KB0095,Local Resources & Helplines,Where to find sexual health clinics?,Where to find sexual health clinics ?,NGOs like Marie Stopes and Sehat Kahani teleclinics provide testing and counseling.,NGOs like Marie Stopes and Sehat Kahani teleclinics provide testing and counseling. For more details consult a health professional or the provided helplines.,Caution,WHO; UNICEF; Local studies; SnehAI; Sehat Kahani,Madadgaar Helpline: 1098 (Madadgaar); Cybercrime / FIA: 1099 (FIA cybercrime); Sehat Kahani: https://sehatkahani.com/; WHO STI Fact Sheet: https://www.who.int/news-room/fact-sheets/detail/sexually-transmitted-infections-(stis); UNICEF MHM: https://www.unicef.org/innovation/U-Report/menstrual-hygiene-polls-pakistan; Marie Stopes Pakistan: https://mariestopespk.org/
KB0096,Local Resources & Helplines,Is there counseling available in schools?,Is there counseling available in schools ?,Some schools offer counselors; ask your school administrator or NGOs for support.,Some schools offer counselors; ask your school administrator or NGOs for support. For more details consult a health professional or the provided helplines.,Caution,WHO; UNICEF; Local studies; SnehAI; Sehat Kahani,Madadgaar Helpline: 1098 (Madadgaar); Cybercrime / FIA: 1099 (FIA cybercrime); Sehat Kahani: https://sehatkahani.com/; WHO STI Fact Sheet: https://www.who.int/news-room/fact-sheets/detail/sexually-transmitted-infections-(stis); UNICEF MHM: https://www.unicef.org/innovation/U-Report/menstrual-hygiene-polls-pakistan; Marie Stopes Pakistan: https://mariestopespk.org/
KB0097,Local Resources & Helplines,How to find nearby hospitals?,How to find nearby hospitals ?,"Use government hospital directories, Sehat Kahani, or ask local health offices for referrals.","Use government hospital directories, Sehat Kahani, or ask local health offices for referrals. For more details consult a health professional or the provided helplines.",Info,WHO; UNICEF; Local studies; SnehAI; Sehat Kahani,Madadgaar Helpline: 1098 (Madadgaar); Cybercrime / FIA: 1099 (FIA cybercrime); Sehat Kahani: https://sehatkahani.com/; WHO STI Fact Sheet: https://www.who.int/news-room/fact-sheets/detail/sexually-transmitted-infections-(stis); UNICEF MHM: https://www.unicef.org/innovation/U-Report/menstrual-hygiene-polls-pakistan; Marie Stopes Pakistan: https://mariestopespk.org/
KB0098,Local Resources & Helplines,Are helplines confidential?,Are helplines confidential ?,Most helplines maintain confidentiality but ask about privacy policies if concerned.,Most helplines maintain confidentiality but ask about privacy policies if concerned. For more details consult a health professional or the provided helplines.,Caution,WHO; UNICEF; Local studies; SnehAI; Sehat Kahani,Madadgaar Helpline: 1098 (Madadgaar); Cybercrime / FIA: 1099 (FIA cybercrime); Sehat Kahani: https://sehatkahani.com/; WHO STI Fact Sheet: https://www.who.int/news-room/fact-sheets/detail/sexually-transmitted-infections-(stis); UNICEF MHM: https://www.unicef.org/innovation/U-Report/menstrual-hygiene-polls-pakistan; Marie Stopes Pakistan: https://mariestopespk.org/
KB0099,Local Resources & Helplines,Can NGOs help with legal support?,Can NGOs help with legal support ?,"Yes, many NGOs offer legal aid and help survivors navigate reporting and court processes.","Yes, many NGOs offer legal aid and help survivors navigate reporting and court processes. For more details consult a health professional or the provided helplines.",Caution,WHO; UNICEF; Local studies; SnehAI; Sehat Kahani,Madadgaar Helpline: 1098 (Madadgaar); Cybercrime / FIA: 1099 (FIA cybercrime); Sehat Kahani: https://sehatkahani.com/; WHO STI Fact Sheet: https://www.who.int/news-room/fact-sheets/detail/sexually-transmitted-infections-(stis); UNICEF MHM: https://www.unicef.org/innovation/U-Report/menstrual-hygiene-polls-pakistan; Marie Stopes Pakistan: https://mariestopespk.org/
KB0100,Local Resources & Helplines,What emergency number to call?,What emergency number to call ?,"For immediate danger, call local emergency services or Madadgaar 1098 for child protection.","For immediate danger, call local emergency services or Madadgaar 1098 for child protection. For more details consult a health professional or the provided helplines.",Info,WHO; UNICEF; Local studies; SnehAI; Sehat Kahani,Madadgaar Helpline: 1098 (Madadgaar); Cybercrime / FIA: 1099 (FIA cybercrime); Sehat Kahani: https://sehatkahani.com/; WHO STI Fact Sheet: https://www.who.int/news-room/fact-sheets/detail/sexually-transmitted-infections-(stis); UNICEF MHM: https://www.unicef.org/innovation/U-Report/menstrual-hygiene-polls-pakistan; Marie Stopes Pakistan: https://mariestopespk.org/
KB0101,Menstrual Health,What causes menstrual cramps?,Period ke dard ka sabab kya hota hai?,"Menstrual cramps happen when the uterus tightens to shed its lining. Mild pain is normal, but severe pain may need a doctors advice.","Menstrual cramps occur because of natural contractions in the uterus, caused by hormones called prostaglandins. These help remove the lining during menstruation. If pain is very strong or affects daily activities, it may be linked to conditions like endometriosis or fibroids. In such cases, medical consultation is recommended.",Info,Umeeda KB: Reproductive Health,1166 (MoH Helpline)
KB0102,Menstrual Health,What should I do if my period pain is too strong?,Agar period ka dard bohat ziada ho to kya karun?,"Use a warm water bottle, rest, and stay hydrated. If pain stays severe, consult a doctor.","For intense period pain, rest and use a warm compress on your lower abdomen. Avoid caffeine and drink plenty of water. Painkillers such as paracetamol can help if advised by a healthcare provider. If pain persists beyond 23 days or affects your routine, seek medical advice.",Caution,Umeeda KB: Reproductive Health,1166
KB0103,Menstrual Health,Is irregular period normal?,Kya period ka ana band hona ya late hona normal hai?,"Slight changes are normal due to stress or diet, but long delays need a check-up.","Period irregularity can happen because of stress, diet changes, exercise, or hormonal imbalance. Missing periods for more than two months without pregnancy should be checked by a doctor to rule out thyroid, PCOS, or other causes.",Info,Umeeda KB: Reproductive Health,1166
KB0104,Menstrual Health,What does white discharge mean?,White discharge ka matlab kya hota hai?,"Mild white discharge is normal; if it smells or causes itching, visit a doctor.","White discharge before or after periods is natural and helps clean the vagina. If it becomes thick, yellow, green, or smells bad and causes itching or burning, it may be an infection that needs treatment.",Caution,Umeeda KB: Reproductive Health,1166
KB0105,Menstrual Health,Can I pray or fast during menstruation?,Kya period ke dauran namaz ya roza rakha ja sakta hai?,"No, women are exempt from prayer and fasting during menstruation.","According to Islamic teachings, women are not required to pray or fast during their menstruation days. Missed fasts can be made up later, but missed prayers are not required to be repeated. It is a time for rest and self-care.",Info,Islamic Teaching,N/A
KB0106,Hygiene,How should I maintain hygiene during menstruation?,Period ke dauran safai kaise rakhi jaye?,Change pads regularly and wash properly with clean water.,"During menstruation, change sanitary pads every 46 hours to avoid infection. Wash the private area with clean water and dry it properly. Always dispose of pads properly and keep undergarments clean.",Info,Umeeda KB: Hygiene,1166
KB0107,Emotional Health,Why do I feel sad or angry during my period?,Period ke dauran mujhe udaasi ya gussa kyu aata hai?,Hormonal changes can cause mood swings.,"Hormonal changes during menstruation affect serotonin levels in the brain, leading to sadness, irritability, or fatigue. Light exercise, good sleep, and talking with someone you trust can help. If mood changes are very strong or persistent, consult a doctor.",Info,Umeeda KB: Emotional Health,1166
KB0108,Reproductive Health,At what age do girls get their first period?,Larkiyon ka pehla period kis umar mein aata hai?,"Usually between 1015 years, but it can vary.","Most girls start menstruating between ages 10 and 15, depending on growth, genetics, and nutrition. Starting earlier or later can still be normal. If no period occurs by age 16, a doctors consultation is advised.",Info,Umeeda KB: Reproductive Health,1166
KB0109,Hygiene,What if I get a stain at school or outside?,Agar school mein ya bahar daag lag jaye to kya karun?,Dont panic; cover with a sweater or bag and change pad as soon as possible.,"Period stains are normal and happen to everyone. Keep an extra pad and dark clothing in your bag. If stained, tie a sweater around the waist or ask a friend for help. Stay calm and change when possible.",Info,Umeeda KB: Hygiene,1166
KB0110,Reproductive Health,How can I tell if my pain is serious?,Kaise pata chale ke dard normal nahi hai?,"If pain stops daily work or causes vomiting, see a doctor.","Severe pain with heavy bleeding, nausea, or fainting is not normal and could be a sign of a medical condition like endometriosis or PCOS. Seek medical advice immediately if pain becomes unbearable or unusual.",Urgent,Umeeda KB: Reproductive Health,1166
